Workbook

Sheet Summary
A1: Monthly Energy Report — 2009-11
A3: Tariff parameters
A4: Peak rate (€/kWh) | B4: 0.2
A5: Off-peak rate (€/kWh) | B5: 0.12
A7: Key metrics
A8: Total energy (kWh) | B8: =SUM('Daily breakdown'!B2:B31)
A9: Peak-hour energy (kWh) | B9: =SUM('Daily breakdown'!C2:C31)
A10: Off-peak energy (kWh) | B10: =SUM('Daily breakdown'!D2:D31)
A11: Average daily energy (kWh) | B11: =AVERAGE('Daily breakdown'!B2:B31)
A12: Peak day (kWh) | B12: =MAX('Daily breakdown'!B2:B31)
A13: Peak day date | B13: =INDEX('Daily breakdown'!A2:A31,MATCH(MAX('Daily breakdown'!B2:B31),'Daily breakdown'!B2:B31,0))
A14: Total cost (€) | B14: =SUM('Daily breakdown'!C2:C31)*$B$4 + SUM('Daily breakdown'!D2:D31)*$B$5

Sheet Daily breakdown
A1: Date | B1: Total kWh | C1: Peak kWh | D1: Off-peak kWh | E1: Daily cost (€)
A2: 40118 | B2: 30.719 | C2: 24.42 | D2: 6.299 | E2: =C2*Summary!$B$4 + D2*Summary!$B$5
A3: 40119 | B3: 25.07 | C3: 20.009 | D3: 5.062 | E3: =C3*Summary!$B$4 + D3*Summary!$B$5
A4: 40120 | B4: 37.778 | C4: 32.292 | D4: 5.486 | E4: =C4*Summary!$B$4 + D4*Summary!$B$5
A5: 40121 | B5: 30.03 | C5: 26.554 | D5: 3.476 | E5: =C5*Summary!$B$4 + D5*Summary!$B$5
A6: 40122 | B6: 26.008 | C6: 21.076 | D6: 4.932 | E6: =C6*Summary!$B$4 + D6*Summary!$B$5
A7: 40123 | B7: 23.174 | C7: 20.246 | D7: 2.928 | E7: =C7*Summary!$B$4 + D7*Summary!$B$5
A8: 40124 | B8: 25.953 | C8: 21.298 | D8: 4.655 | E8: =C8*Summary!$B$4 + D8*Summary!$B$5
A9: 40125 | B9: 41.8 | C9: 35.64 | D9: 6.16 | E9: =C9*Summary!$B$4 + D9*Summary!$B$5
A10: 40126 | B10: 23.458 | C10: 19.792 | D10: 3.666 | E10: =C10*Summary!$B$4 + D10*Summary!$B$5
A11: 40127 | B11: 26.77 | C11: 22.617 | D11: 4.152 | E11: =C11*Summary!$B$4 + D11*Summary!$B$5
A12: 40128 | B12: 34.008 | C12: 28.913 | D12: 5.095 | E12: =C12*Summary!$B$4 + D12*Summary!$B$5
A13: 40129 | B13: 24.384 | C13: 20.49 | D13: 3.894 | E13: =C13*Summary!$B$4 + D13*Summary!$B$5
... A31: 40147 | B31: 29.086 | C31: 23.984 | D31: 5.103 | E31: =C31*Summary!$B$4 + D31*Summary!$B$5
A32: Total | B32: =SUM(B2:B31) | C32: =SUM(C2:C31) | D32: =SUM(D2:D31) | E32: =SUM(E2:E31)

Sheet Hourly load curve
A1: Hour of day | B1: Average active power (kW)
A2: 0 | B2: 0.612
A3: 1 | B3: 0.464
A4: 2 | B4: 0.396
A5: 3 | B5: 0.386
A6: 4 | B6: 0.383
A7: 5 | B7: 0.421
A8: 6 | B8: 0.718
A9: 7 | B9: 1.715
A10: 8 | B10: 1.65
A11: 9 | B11: 1.488
A12: 10 | B12: 1.45
A13: 11 | B13: 1.385
... A25: 23 | B25: 0.888
